Class ID,Synonyms,Sinônimos
http://purl.obolibrary.org/obo/SYMP_0000149,,
http://purl.obolibrary.org/obo/SYMP_0000259,,
http://purl.obolibrary.org/obo/SYMP_0000729,,
http://purl.obolibrary.org/obo/SYMP_0000746,,
http://purl.obolibrary.org/obo/SYMP_0000412,,
http://purl.obolibrary.org/obo/SYMP_0000498,,
http://purl.obolibrary.org/obo/SYMP_0000021,,
http://purl.obolibrary.org/obo/SYMP_0000838,,
http://purl.obolibrary.org/obo/SYMP_0019176,,
http://purl.obolibrary.org/obo/SYMP_0000752,,
http://purl.obolibrary.org/obo/SYMP_0000172,,
http://purl.obolibrary.org/obo/SYMP_0000155,,
http://purl.obolibrary.org/obo/SYMP_0000282,,
http://purl.obolibrary.org/obo/SYMP_0000025,,
http://purl.obolibrary.org/obo/SYMP_0000008,,
http://purl.obolibrary.org/obo/SYMP_0000719,,
http://purl.obolibrary.org/obo/SYMP_0000829,,
http://purl.obolibrary.org/obo/SYMP_0000402,general physical wasting and malnutrition,desgaste físico geral e desnutrição
http://purl.obolibrary.org/obo/SYMP_0000512,,
http://purl.obolibrary.org/obo/SYMP_0000622,,
http://purl.obolibrary.org/obo/SYMP_0000605,,
http://purl.obolibrary.org/obo/SYMP_0019167,,
http://purl.obolibrary.org/obo/SYMP_0000599,,
http://purl.obolibrary.org/obo/SYMP_0000489,,
http://purl.obolibrary.org/obo/SYMP_0000365,,
http://purl.obolibrary.org/obo/SYMP_0000272,,
http://purl.obolibrary.org/obo/SYMP_0000382,,
http://purl.obolibrary.org/obo/SYMP_0000255,,
http://purl.obolibrary.org/obo/SYMP_0000742,gingival hemorrhage,hemorragia gengival
http://purl.obolibrary.org/obo/SYMP_0000852,,
http://purl.obolibrary.org/obo/SYMP_0000497,,
http://purl.obolibrary.org/obo/SYMP_0000180,,
http://purl.obolibrary.org/obo/SYMP_0000163,,
http://purl.obolibrary.org/obo/SYMP_0000016,,
http://purl.obolibrary.org/obo/SYMP_0000503,,
http://purl.obolibrary.org/obo/SYMP_0000699,,
http://purl.obolibrary.org/obo/SYMP_0000479,,
http://purl.obolibrary.org/obo/SYMP_0000589,,
http://purl.obolibrary.org/obo/SYMP_0019148,,
http://purl.obolibrary.org/obo/SYMP_0019163,,
http://purl.obolibrary.org/obo/SYMP_0019180,,
http://purl.obolibrary.org/obo/SYMP_0000356,inflammation of a vein,inflamação de uma veia
http://purl.obolibrary.org/obo/SYMP_0000373,,
http://purl.obolibrary.org/obo/SYMP_0000136,,
http://purl.obolibrary.org/obo/SYMP_0000153,,
http://purl.obolibrary.org/obo/SYMP_0000263,inflammation of the epididymis,inflamação do epidídimo
http://purl.obolibrary.org/obo/SYMP_0000246,,
http://purl.obolibrary.org/obo/SYMP_0000006,back pain,dor nas costas
http://purl.obolibrary.org/obo/SYMP_0000750,,
http://purl.obolibrary.org/obo/SYMP_0000733,,
http://purl.obolibrary.org/obo/SYMP_0000843,,
http://purl.obolibrary.org/obo/SYMP_0000860,,
http://purl.obolibrary.org/obo/SYMP_0000603,,
http://purl.obolibrary.org/obo/SYMP_0019181,,
http://purl.obolibrary.org/obo/SYMP_0000173,cold sore,afta
http://purl.obolibrary.org/obo/SYMP_0000283,,
http://purl.obolibrary.org/obo/SYMP_0000393,sensation of noise,sensação de ruído
http://purl.obolibrary.org/obo/SYMP_0000190,,
http://purl.obolibrary.org/obo/SYMP_0000770,,
http://purl.obolibrary.org/obo/SYMP_0000880,,
http://purl.obolibrary.org/obo/SYMP_0000737,,
http://purl.obolibrary.org/obo/SYMP_0000847,,
http://purl.obolibrary.org/obo/SYMP_0000043,,
http://purl.obolibrary.org/obo/SYMP_0000026,,
http://purl.obolibrary.org/obo/SYMP_0000530,abnormal heart beats,batimentos cardíacos anormais
http://purl.obolibrary.org/obo/SYMP_0000640,redness of ankle,vermelhidão do tornozelo
http://purl.obolibrary.org/obo/SYMP_0000513,,
http://purl.obolibrary.org/obo/SYMP_0000623,,
http://purl.obolibrary.org/obo/SYMP_0000420,,
http://purl.obolibrary.org/obo/SYMP_0000403,,
http://purl.obolibrary.org/obo/SYMP_0000392,,
http://purl.obolibrary.org/obo/SYMP_0019168,,
http://purl.obolibrary.org/obo/SYMP_0019185,,
http://purl.obolibrary.org/obo/SYMP_0000017,,
http://purl.obolibrary.org/obo/SYMP_0000034,,
http://purl.obolibrary.org/obo/SYMP_0000411,,
http://purl.obolibrary.org/obo/SYMP_0000504,cephalalgia,cefaléia
http://purl.obolibrary.org/obo/SYMP_0000521,swelling of lymph nodes|swollen lymph glands,inchaço dos gânglios linfáticos | glândulas linfáticas inchadas
http://purl.obolibrary.org/obo/SYMP_0000631,,
http://purl.obolibrary.org/obo/SYMP_0000273,,
http://purl.obolibrary.org/obo/SYMP_0000383,,
http://purl.obolibrary.org/obo/SYMP_0000760,petechial rash,erupção petéquica
http://purl.obolibrary.org/obo/SYMP_0000870,,
http://purl.obolibrary.org/obo/SYMP_0000290,eructation,eructação
http://purl.obolibrary.org/obo/SYMP_0000613,pyrexia,pirexia
http://purl.obolibrary.org/obo/SYMP_0000164,,
http://purl.obolibrary.org/obo/SYMP_0000181,,
http://purl.obolibrary.org/obo/SYMP_0019158,,
http://purl.obolibrary.org/obo/SYMP_0000751,,
http://purl.obolibrary.org/obo/SYMP_0000861,,
http://purl.obolibrary.org/obo/SYMP_0000171,,
http://purl.obolibrary.org/obo/SYMP_0000154,,
http://purl.obolibrary.org/obo/SYMP_0000007,,
http://purl.obolibrary.org/obo/SYMP_0000604,,
http://purl.obolibrary.org/obo/SYMP_0019149,,
http://purl.obolibrary.org/obo/SYMP_0000168,,
http://purl.obolibrary.org/obo/SYMP_0000508,inability to comprehend language,incapacidade de compreender a linguagem
http://purl.obolibrary.org/obo/SYMP_0000264,epididymo-orchitis,epididimo-orquite
http://purl.obolibrary.org/obo/SYMP_0000281,ocular discharge,secreção ocular
http://purl.obolibrary.org/obo/SYMP_0000374,,
http://purl.obolibrary.org/obo/SYMP_0000391,,
http://purl.obolibrary.org/obo/SYMP_0000364,,
http://purl.obolibrary.org/obo/SYMP_0000347,paralysed lips,lábios paralisados
http://purl.obolibrary.org/obo/SYMP_0000030,,
http://purl.obolibrary.org/obo/SYMP_0000851,,
http://purl.obolibrary.org/obo/SYMP_0000834,,
http://purl.obolibrary.org/obo/SYMP_0019172,,
http://purl.obolibrary.org/obo/SYMP_0000158,,
http://purl.obolibrary.org/obo/SYMP_0000268,grand mal seizure,convulsão do grande mal
http://purl.obolibrary.org/obo/SYMP_0000378,,
http://purl.obolibrary.org/obo/SYMP_0000865,,
http://purl.obolibrary.org/obo/SYMP_0000738,,
http://purl.obolibrary.org/obo/SYMP_0000848,,
http://purl.obolibrary.org/obo/SYMP_0000755,,
http://purl.obolibrary.org/obo/SYMP_0000761,,
http://purl.obolibrary.org/obo/SYMP_0000871,,
http://purl.obolibrary.org/obo/SYMP_0000614,,
http://purl.obolibrary.org/obo/SYMP_0000178,,
http://purl.obolibrary.org/obo/SYMP_0000195,,
http://purl.obolibrary.org/obo/SYMP_0019159,,
http://purl.obolibrary.org/obo/SYMP_0000792,,
http://purl.obolibrary.org/obo/SYMP_0000775,,
http://purl.obolibrary.org/obo/SYMP_0000885,,
http://purl.obolibrary.org/obo/SYMP_0000048,,
http://purl.obolibrary.org/obo/SYMP_0000645,,
http://purl.obolibrary.org/obo/SYMP_0000628,,
http://purl.obolibrary.org/obo/SYMP_0000408,,
http://purl.obolibrary.org/obo/SYMP_0000425,,
http://purl.obolibrary.org/obo/SYMP_0000518,,
http://purl.obolibrary.org/obo/SYMP_0000535,,
http://purl.obolibrary.org/obo/SYMP_0000274,,
http://purl.obolibrary.org/obo/SYMP_0000291,,
http://purl.obolibrary.org/obo/SYMP_0000384,cervicalgia,cervicalgia
http://purl.obolibrary.org/obo/SYMP_0000783,,
http://purl.obolibrary.org/obo/SYMP_0000039,,
http://purl.obolibrary.org/obo/SYMP_0000509,gas production|gas,produção de gás | gás
http://purl.obolibrary.org/obo/SYMP_0000416,,
http://purl.obolibrary.org/obo/SYMP_0000526,hydroperitoneum,hidroperitônio
http://purl.obolibrary.org/obo/SYMP_0000388,,
http://purl.obolibrary.org/obo/SYMP_0000302,,
http://purl.obolibrary.org/obo/SYMP_0000765,,
http://purl.obolibrary.org/obo/SYMP_0000875,,
http://purl.obolibrary.org/obo/SYMP_0000892,,
http://purl.obolibrary.org/obo/SYMP_0000748,,
http://purl.obolibrary.org/obo/SYMP_0000858,,
http://purl.obolibrary.org/obo/SYMP_0000295,hepatic abscesses,abscessos hepáticos
http://purl.obolibrary.org/obo/SYMP_0000278,,
http://purl.obolibrary.org/obo/SYMP_0000618,,
http://purl.obolibrary.org/obo/SYMP_0000186,,
http://purl.obolibrary.org/obo/SYMP_0000169,,
http://purl.obolibrary.org/obo/SYMP_0000773,,
http://purl.obolibrary.org/obo/SYMP_0000739,,
http://purl.obolibrary.org/obo/SYMP_0000756,,
http://purl.obolibrary.org/obo/SYMP_0000849,,
http://purl.obolibrary.org/obo/SYMP_0000883,,
http://purl.obolibrary.org/obo/SYMP_0000866,,
http://purl.obolibrary.org/obo/SYMP_0000176,,
http://purl.obolibrary.org/obo/SYMP_0000159,,
http://purl.obolibrary.org/obo/SYMP_0000286,,
http://purl.obolibrary.org/obo/SYMP_0000269,,
http://purl.obolibrary.org/obo/SYMP_0000422,indigestion,indigestão
http://purl.obolibrary.org/obo/SYMP_0000532,,
http://purl.obolibrary.org/obo/SYMP_0000642,,
http://purl.obolibrary.org/obo/SYMP_0000062,,
http://purl.obolibrary.org/obo/SYMP_0000045,,
http://purl.obolibrary.org/obo/SYMP_0000609,,
http://purl.obolibrary.org/obo/SYMP_0000407,loss of consciousness due to insuffiecient blood flow to the brain,perda de consciência devido ao fluxo sanguíneo insuficiente para o cérebro
http://purl.obolibrary.org/obo/SYMP_0019186,,
http://purl.obolibrary.org/obo/SYMP_0000379,,
http://purl.obolibrary.org/obo/SYMP_0000396,excessive pupil dilation|prolonged pupil dilation,dilatação excessiva da pupila | dilatação prolongada da pupila
http://purl.obolibrary.org/obo/SYMP_0000369,droopiness,flacidez
http://purl.obolibrary.org/obo/SYMP_0000839,,
http://purl.obolibrary.org/obo/SYMP_0000856,,
http://purl.obolibrary.org/obo/SYMP_0000052,,
http://purl.obolibrary.org/obo/SYMP_0000035,,
http://purl.obolibrary.org/obo/SYMP_0000522,,
http://purl.obolibrary.org/obo/SYMP_0000632,,
http://purl.obolibrary.org/obo/SYMP_0019177,,
http://purl.obolibrary.org/obo/SYMP_0000747,,
http://purl.obolibrary.org/obo/SYMP_0000764,,
http://purl.obolibrary.org/obo/SYMP_0000167,,
http://purl.obolibrary.org/obo/SYMP_0000277,profuse salivation,salivação abundante
http://purl.obolibrary.org/obo/SYMP_0000413,,
http://purl.obolibrary.org/obo/SYMP_0000430,,
http://purl.obolibrary.org/obo/SYMP_0000540,,
http://purl.obolibrary.org/obo/SYMP_0000523,,
http://purl.obolibrary.org/obo/SYMP_0000070,,
http://purl.obolibrary.org/obo/SYMP_0000499,,
http://purl.obolibrary.org/obo/SYMP_0000292,,
http://purl.obolibrary.org/obo/SYMP_0000182,buboes,bubões
http://purl.obolibrary.org/obo/SYMP_0000072,,
http://purl.obolibrary.org/obo/SYMP_0000766,,
http://purl.obolibrary.org/obo/SYMP_0000893,,
http://purl.obolibrary.org/obo/SYMP_0000876,,
http://purl.obolibrary.org/obo/SYMP_0000636,,
http://purl.obolibrary.org/obo/SYMP_0000619,,
http://purl.obolibrary.org/obo/SYMP_0000187,,
http://purl.obolibrary.org/obo/SYMP_0000784,,
http://purl.obolibrary.org/obo/SYMP_0000417,,
http://purl.obolibrary.org/obo/SYMP_0000544,,
http://purl.obolibrary.org/obo/SYMP_0000527,,
http://purl.obolibrary.org/obo/SYMP_0000637,,
http://purl.obolibrary.org/obo/SYMP_0000654,Inconsolability,Inconsolabilidade
http://purl.obolibrary.org/obo/SYMP_0000057,han,han
http://purl.obolibrary.org/obo/SYMP_0000210,light intolerance,intolerância à luz
http://purl.obolibrary.org/obo/SYMP_0000303,hypoxaemia,hipoxemia
http://purl.obolibrary.org/obo/SYMP_0000320,,
http://purl.obolibrary.org/obo/SYMP_0000434,nettle rash|hives|uredo,erupção cutânea | urticária | uredo
http://purl.obolibrary.org/obo/SYMP_0000296,,
http://purl.obolibrary.org/obo/SYMP_0000279,,
http://purl.obolibrary.org/obo/SYMP_0000389,,
http://purl.obolibrary.org/obo/SYMP_0000100,,
http://purl.obolibrary.org/obo/SYMP_0000201,,
http://purl.obolibrary.org/obo/SYMP_0000287,heart rhythm symptom|abnormal heart rhythm|dysrhythmia|abnormal heart beat|fluctuation of heart rate,sintoma de ritmo cardíaco | ritmo cardíaco anormal | disritmia | batimento cardíaco anormal | flutuação da frequência cardíaca
http://purl.obolibrary.org/obo/SYMP_0000397,,
http://purl.obolibrary.org/obo/SYMP_0000177,,
http://purl.obolibrary.org/obo/SYMP_0000063,,
http://purl.obolibrary.org/obo/SYMP_0000080,,
http://purl.obolibrary.org/obo/SYMP_0000757,,
http://purl.obolibrary.org/obo/SYMP_0000774,,
http://purl.obolibrary.org/obo/SYMP_0000867,,
http://purl.obolibrary.org/obo/SYMP_0000440,,
http://purl.obolibrary.org/obo/SYMP_0000550,,
http://purl.obolibrary.org/obo/SYMP_0000660,,
http://purl.obolibrary.org/obo/SYMP_0000517,haemoptysis|coughing up of blood|expectoration of blood-stained sputum|expectoration of blood,hemoptise | tosse com sangue | expectoração de expectoração com sangue | expectoração de sangue
http://purl.obolibrary.org/obo/SYMP_0000627,disturbance of vision,perturbação da visão
http://purl.obolibrary.org/obo/SYMP_0000310,,
http://purl.obolibrary.org/obo/SYMP_0000200,,
http://purl.obolibrary.org/obo/SYMP_0000071,,
http://purl.obolibrary.org/obo/SYMP_0000054,,
http://purl.obolibrary.org/obo/SYMP_0000431,sputum production,produção de expectoração
http://purl.obolibrary.org/obo/SYMP_0000541,,
http://purl.obolibrary.org/obo/SYMP_0000387,,
http://purl.obolibrary.org/obo/SYMP_0000301,,
http://purl.obolibrary.org/obo/SYMP_0000857,,
http://purl.obolibrary.org/obo/SYMP_0000874,,
http://purl.obolibrary.org/obo/SYMP_0000650,,
http://purl.obolibrary.org/obo/SYMP_0000053,,
http://purl.obolibrary.org/obo/SYMP_0000044,,
http://purl.obolibrary.org/obo/SYMP_0000061,,
http://purl.obolibrary.org/obo/SYMP_0000421,,
http://purl.obolibrary.org/obo/SYMP_0000531,esplenomegaly,esplenomegalia
http://purl.obolibrary.org/obo/SYMP_0000641,,
http://purl.obolibrary.org/obo/SYMP_0000545,,
http://purl.obolibrary.org/obo/SYMP_0000418,,
http://purl.obolibrary.org/obo/SYMP_0000435,,
http://purl.obolibrary.org/obo/SYMP_0000191,,
http://purl.obolibrary.org/obo/SYMP_0000788,,
http://purl.obolibrary.org/obo/SYMP_0000898,,
http://purl.obolibrary.org/obo/SYMP_0000081,,
http://purl.obolibrary.org/obo/SYMP_0000311,,
http://purl.obolibrary.org/obo/SYMP_0000789,,
http://purl.obolibrary.org/obo/SYMP_0000472,,
http://purl.obolibrary.org/obo/SYMP_0000308,,
http://purl.obolibrary.org/obo/SYMP_0000325,,
http://purl.obolibrary.org/obo/SYMP_0000702,,
http://purl.obolibrary.org/obo/SYMP_0000812,,
http://purl.obolibrary.org/obo/SYMP_0000105,,
http://purl.obolibrary.org/obo/SYMP_0000215,,
http://purl.obolibrary.org/obo/SYMP_0000802,,
http://purl.obolibrary.org/obo/SYMP_0000651,,
http://purl.obolibrary.org/obo/SYMP_0019140,,
http://purl.obolibrary.org/obo/SYMP_0000779,,
http://purl.obolibrary.org/obo/SYMP_0000889,,
http://purl.obolibrary.org/obo/SYMP_0000068,,
http://purl.obolibrary.org/obo/SYMP_0000085,,
http://purl.obolibrary.org/obo/SYMP_0000445,syncope|fainting,síncope | desmaio
http://purl.obolibrary.org/obo/SYMP_0000462,,
http://purl.obolibrary.org/obo/SYMP_0000555,,
http://purl.obolibrary.org/obo/SYMP_0000572,,
http://purl.obolibrary.org/obo/SYMP_0000665,,
http://purl.obolibrary.org/obo/SYMP_0000682,,
http://purl.obolibrary.org/obo/SYMP_0000205,,
http://purl.obolibrary.org/obo/SYMP_0000315,,
http://purl.obolibrary.org/obo/SYMP_0000076,languid,lânguido
http://purl.obolibrary.org/obo/SYMP_0000453,,
http://purl.obolibrary.org/obo/SYMP_0000436,abnormal menstruation,menstruação anormal
http://purl.obolibrary.org/obo/SYMP_0000563,frequent urination,micção frequente
http://purl.obolibrary.org/obo/SYMP_0000546,,
http://purl.obolibrary.org/obo/SYMP_0000306,,
http://purl.obolibrary.org/obo/SYMP_0000528,,
http://purl.obolibrary.org/obo/SYMP_0000655,,
http://purl.obolibrary.org/obo/SYMP_0000638,,
http://purl.obolibrary.org/obo/SYMP_0000058,,
http://purl.obolibrary.org/obo/SYMP_0000793,,
http://purl.obolibrary.org/obo/SYMP_0000536,,
http://purl.obolibrary.org/obo/SYMP_0000409,,
http://purl.obolibrary.org/obo/SYMP_0000663,,
http://purl.obolibrary.org/obo/SYMP_0000519,,
http://purl.obolibrary.org/obo/SYMP_0000629,,
http://purl.obolibrary.org/obo/SYMP_0000646,,
http://purl.obolibrary.org/obo/SYMP_0000066,,
http://purl.obolibrary.org/obo/SYMP_0000049,hindlimb paralysis,paralisia do membro posterior
http://purl.obolibrary.org/obo/SYMP_0000202,,
http://purl.obolibrary.org/obo/SYMP_0000312,,
http://purl.obolibrary.org/obo/SYMP_0000426,,
http://purl.obolibrary.org/obo/SYMP_0000398,,
http://purl.obolibrary.org/obo/SYMP_0000110,,
http://purl.obolibrary.org/obo/SYMP_0000196,,
http://purl.obolibrary.org/obo/SYMP_0000086,,
http://purl.obolibrary.org/obo/SYMP_0000797,,
http://purl.obolibrary.org/obo/SYMP_0000463,,
http://purl.obolibrary.org/obo/SYMP_0000480,,
http://purl.obolibrary.org/obo/SYMP_0000573,,
http://purl.obolibrary.org/obo/SYMP_0000590,,
http://purl.obolibrary.org/obo/SYMP_0000683,rapid breathing,respiração rápida
http://purl.obolibrary.org/obo/SYMP_0000316,,
http://purl.obolibrary.org/obo/SYMP_0000803,,
http://purl.obolibrary.org/obo/SYMP_0000206,,
http://purl.obolibrary.org/obo/SYMP_0000224,,
http://purl.obolibrary.org/obo/SYMP_0000207,,
http://purl.obolibrary.org/obo/SYMP_0000114,,
http://purl.obolibrary.org/obo/SYMP_0019141,,
http://purl.obolibrary.org/obo/SYMP_0000711,,
http://purl.obolibrary.org/obo/SYMP_0000059,,
http://purl.obolibrary.org/obo/SYMP_0000673,,
http://purl.obolibrary.org/obo/SYMP_0000656,,
http://purl.obolibrary.org/obo/SYMP_0000094,,
http://purl.obolibrary.org/obo/SYMP_0000077,,
http://purl.obolibrary.org/obo/SYMP_0000454,,
http://purl.obolibrary.org/obo/SYMP_0000471,,
http://purl.obolibrary.org/obo/SYMP_0000581,,
http://purl.obolibrary.org/obo/SYMP_0000564,nycturia,nictúria
http://purl.obolibrary.org/obo/SYMP_0000307,,
http://purl.obolibrary.org/obo/SYMP_0000568,,
http://purl.obolibrary.org/obo/SYMP_0000458,,
http://purl.obolibrary.org/obo/SYMP_0000067,,
http://purl.obolibrary.org/obo/SYMP_0000444,,
http://purl.obolibrary.org/obo/SYMP_0000427,erectile dysfunction,disfunção erétil
http://purl.obolibrary.org/obo/SYMP_0000554,,
http://purl.obolibrary.org/obo/SYMP_0000537,,
http://purl.obolibrary.org/obo/SYMP_0000664,,
http://purl.obolibrary.org/obo/SYMP_0000647,,
http://purl.obolibrary.org/obo/SYMP_0000220,absence of neurological reflexes,ausência de reflexos neurológicos
http://purl.obolibrary.org/obo/SYMP_0000330,,
http://purl.obolibrary.org/obo/SYMP_0000798,,
http://purl.obolibrary.org/obo/SYMP_0000101,paresis,paresia
http://purl.obolibrary.org/obo/SYMP_0000211,rapid eye fatigue|eye weakness,fadiga ocular rápida | fraqueza ocular
http://purl.obolibrary.org/obo/SYMP_0000321,,
http://purl.obolibrary.org/obo/SYMP_0000297,,
http://purl.obolibrary.org/obo/SYMP_0000894,,
http://purl.obolibrary.org/obo/SYMP_0000090,,
http://purl.obolibrary.org/obo/SYMP_0000132,,
http://purl.obolibrary.org/obo/SYMP_0000115,,
http://purl.obolibrary.org/obo/SYMP_0000485,difficult urine discharge|painful urine discharge,descarga de urina difícil | descarga de urina dolorosa
http://purl.obolibrary.org/obo/SYMP_0000468,,
http://purl.obolibrary.org/obo/SYMP_0000595,,
http://purl.obolibrary.org/obo/SYMP_0000578,,
http://purl.obolibrary.org/obo/SYMP_0000688,,
http://purl.obolibrary.org/obo/SYMP_0000808,,
http://purl.obolibrary.org/obo/SYMP_0000674,,
http://purl.obolibrary.org/obo/SYMP_0000691,,
http://purl.obolibrary.org/obo/SYMP_0000119,,
http://purl.obolibrary.org/obo/SYMP_0000229,blood in stool,sangue nas fezes
http://purl.obolibrary.org/obo/SYMP_0019146,,
http://purl.obolibrary.org/obo/SYMP_0000716,,
http://purl.obolibrary.org/obo/SYMP_0000678,,
http://purl.obolibrary.org/obo/SYMP_0000099,,
http://purl.obolibrary.org/obo/SYMP_0000459,,
http://purl.obolibrary.org/obo/SYMP_0000476,weight loss,perda de peso
http://purl.obolibrary.org/obo/SYMP_0000569,,
http://purl.obolibrary.org/obo/SYMP_0000586,,
http://purl.obolibrary.org/obo/SYMP_0000142,,
http://purl.obolibrary.org/obo/SYMP_0000252,diffuse erythema,eritema difuso
http://purl.obolibrary.org/obo/SYMP_0000125,,
http://purl.obolibrary.org/obo/SYMP_0000362,,
http://purl.obolibrary.org/obo/SYMP_0000722,,
http://purl.obolibrary.org/obo/SYMP_0019160,furuncle,furúnculo
http://purl.obolibrary.org/obo/SYMP_0000467,,
http://purl.obolibrary.org/obo/SYMP_0000150,,
http://purl.obolibrary.org/obo/SYMP_0000133,,
http://purl.obolibrary.org/obo/SYMP_0000799,,
http://purl.obolibrary.org/obo/SYMP_0000559,,
http://purl.obolibrary.org/obo/SYMP_0000669,,
http://purl.obolibrary.org/obo/SYMP_0000449,,
http://purl.obolibrary.org/obo/SYMP_0000482,,
http://purl.obolibrary.org/obo/SYMP_0000592,,
http://purl.obolibrary.org/obo/SYMP_0000225,loss of strength,perda de força
http://purl.obolibrary.org/obo/SYMP_0000335,,
http://purl.obolibrary.org/obo/SYMP_0000352,,
http://purl.obolibrary.org/obo/SYMP_0000242,,
http://purl.obolibrary.org/obo/SYMP_0000712,,
http://purl.obolibrary.org/obo/SYMP_0000822,,
http://purl.obolibrary.org/obo/SYMP_0000473,,
http://purl.obolibrary.org/obo/SYMP_0000490,,
http://purl.obolibrary.org/obo/SYMP_0000216,,
http://purl.obolibrary.org/obo/SYMP_0000233,decreased sensorium|clouded sensorium,sensório diminuído | sensório nublado
http://purl.obolibrary.org/obo/SYMP_0000326,,
http://purl.obolibrary.org/obo/SYMP_0000343,painful lymph nodes,nódulos linfáticos doloridos
http://purl.obolibrary.org/obo/SYMP_0000106,,
http://purl.obolibrary.org/obo/SYMP_0000123,,
http://purl.obolibrary.org/obo/SYMP_0019150,pharynx inflammation,inflamação da faringe
http://purl.obolibrary.org/obo/SYMP_0000720,,
http://purl.obolibrary.org/obo/SYMP_0000703,,
http://purl.obolibrary.org/obo/SYMP_0000813,,
http://purl.obolibrary.org/obo/SYMP_0000830,,
http://purl.obolibrary.org/obo/SYMP_0000095,,
http://purl.obolibrary.org/obo/SYMP_0000899,v-fib,v-fib
http://purl.obolibrary.org/obo/SYMP_0019151,oedematous lungs,pulmões edematosos
http://purl.obolibrary.org/obo/SYMP_0000582,,
http://purl.obolibrary.org/obo/SYMP_0000692,,
http://purl.obolibrary.org/obo/SYMP_0000494,,
http://purl.obolibrary.org/obo/SYMP_0000477,,
http://purl.obolibrary.org/obo/SYMP_0000587,,
http://purl.obolibrary.org/obo/SYMP_0000740,,
http://purl.obolibrary.org/obo/SYMP_0000850,,
http://purl.obolibrary.org/obo/SYMP_0000160,,
http://purl.obolibrary.org/obo/SYMP_0000143,,
http://purl.obolibrary.org/obo/SYMP_0000253,pupils of different size|enlargement of one pupil,pupilas de tamanhos diferentes | ampliação de uma pupila
http://purl.obolibrary.org/obo/SYMP_0000270,,
http://purl.obolibrary.org/obo/SYMP_0000380,,
http://purl.obolibrary.org/obo/SYMP_0000363,,
http://purl.obolibrary.org/obo/SYMP_0000013,,
http://purl.obolibrary.org/obo/SYMP_0000707,,
http://purl.obolibrary.org/obo/SYMP_0000817,,
http://purl.obolibrary.org/obo/SYMP_0000500,,
http://purl.obolibrary.org/obo/SYMP_0000610,dizzy,tonto
http://purl.obolibrary.org/obo/SYMP_0019155,,
http://purl.obolibrary.org/obo/SYMP_0019138,,
http://purl.obolibrary.org/obo/SYMP_0000696,,
http://purl.obolibrary.org/obo/SYMP_0000679,,
http://purl.obolibrary.org/obo/SYMP_0000601,,
http://purl.obolibrary.org/obo/SYMP_0000577,,
http://purl.obolibrary.org/obo/SYMP_0000687,,
http://purl.obolibrary.org/obo/SYMP_0000260,,
http://purl.obolibrary.org/obo/SYMP_0000243,recurrent fever|intermittent fever,febre recorrente | febre intermitente
http://purl.obolibrary.org/obo/SYMP_0000370,,
http://purl.obolibrary.org/obo/SYMP_0000353,,
http://purl.obolibrary.org/obo/SYMP_0000840,,
http://purl.obolibrary.org/obo/SYMP_0000730,,
http://purl.obolibrary.org/obo/SYMP_0000731,,
http://purl.obolibrary.org/obo/SYMP_0000134,,
http://purl.obolibrary.org/obo/SYMP_0000151,,
http://purl.obolibrary.org/obo/SYMP_0000004,,
http://purl.obolibrary.org/obo/SYMP_0000583,,
http://purl.obolibrary.org/obo/SYMP_0000138,,
http://purl.obolibrary.org/obo/SYMP_0000491,,
http://purl.obolibrary.org/obo/SYMP_0000124,seizure,convulsão
http://purl.obolibrary.org/obo/SYMP_0000141,,
http://purl.obolibrary.org/obo/SYMP_0000234,,
http://purl.obolibrary.org/obo/SYMP_0000251,cutaneous abscess|subcutaneous abscess|dermal abscesses|skin abscess,abscesso cutâneo | abscesso subcutâneo | abscessos dérmicos | abscesso cutâneo
http://purl.obolibrary.org/obo/SYMP_0000361,,
http://purl.obolibrary.org/obo/SYMP_0000344,edema of the eyelid,edema da pálpebra
http://purl.obolibrary.org/obo/SYMP_0000831,,
http://purl.obolibrary.org/obo/SYMP_0000721,,
http://purl.obolibrary.org/obo/SYMP_0019142,lymphadenopathy,linfadenopatia
http://purl.obolibrary.org/obo/SYMP_0000478,,
http://purl.obolibrary.org/obo/SYMP_0000495,,
http://purl.obolibrary.org/obo/SYMP_0000348,,
http://purl.obolibrary.org/obo/SYMP_0000128,,
http://purl.obolibrary.org/obo/SYMP_0000238,,
http://purl.obolibrary.org/obo/SYMP_0000725,,
http://purl.obolibrary.org/obo/SYMP_0000835,,
http://purl.obolibrary.org/obo/SYMP_0000818,,
http://purl.obolibrary.org/obo/SYMP_0019173,,
http://purl.obolibrary.org/obo/SYMP_0000481,,
http://purl.obolibrary.org/obo/SYMP_0000591,,
http://purl.obolibrary.org/obo/SYMP_0000334,myonecrosis,mionecrose
http://purl.obolibrary.org/obo/SYMP_0000317,low white blood cell count,contagem baixa de glóbulos brancos
http://purl.obolibrary.org/obo/SYMP_0000000,,
http://purl.obolibrary.org/obo/SYMP_0000821,,
http://purl.obolibrary.org/obo/SYMP_0000804,,
http://purl.obolibrary.org/obo/SYMP_0000855,,
http://purl.obolibrary.org/obo/SYMP_0000275,,
http://purl.obolibrary.org/obo/SYMP_0000148,,
http://purl.obolibrary.org/obo/SYMP_0000258,diplopia,diplopia
http://purl.obolibrary.org/obo/SYMP_0000385,,
http://purl.obolibrary.org/obo/SYMP_0000368,,
http://purl.obolibrary.org/obo/SYMP_0000165,,
http://purl.obolibrary.org/obo/SYMP_0000018,,
http://purl.obolibrary.org/obo/SYMP_0000762,,
http://purl.obolibrary.org/obo/SYMP_0000872,,
http://purl.obolibrary.org/obo/SYMP_0000745,,
http://purl.obolibrary.org/obo/SYMP_0000505,sore throat,dor de garganta
http://purl.obolibrary.org/obo/SYMP_0000615,,
http://purl.obolibrary.org/obo/SYMP_0000841,,
http://purl.obolibrary.org/obo/SYMP_0000261,dry mucous membranes,membranas mucosas secas
http://purl.obolibrary.org/obo/SYMP_0000244,,
http://purl.obolibrary.org/obo/SYMP_0000354,inflammation of lung tissue,inflamação do tecido pulmonar
http://purl.obolibrary.org/obo/SYMP_0000371,,
http://purl.obolibrary.org/obo/SYMP_0000265,petit mal seizure,pequeno mal
http://purl.obolibrary.org/obo/SYMP_0000248,,
http://purl.obolibrary.org/obo/SYMP_0000375,,
http://purl.obolibrary.org/obo/SYMP_0000358,,
http://purl.obolibrary.org/obo/SYMP_0000862,,
http://purl.obolibrary.org/obo/SYMP_0000718,,
http://purl.obolibrary.org/obo/SYMP_0000735,,
http://purl.obolibrary.org/obo/SYMP_0000845,,
http://purl.obolibrary.org/obo/SYMP_0000828,,
http://purl.obolibrary.org/obo/SYMP_0019166,ulcer|ulcers,úlcera | úlceras
http://purl.obolibrary.org/obo/SYMP_0019183,,
http://purl.obolibrary.org/obo/SYMP_0000139,,
http://purl.obolibrary.org/obo/SYMP_0000156,,
http://purl.obolibrary.org/obo/SYMP_0000009,blister,bolha
http://purl.obolibrary.org/obo/SYMP_0000753,,
http://purl.obolibrary.org/obo/SYMP_0000612,,
http://purl.obolibrary.org/obo/SYMP_0000502,,
http://purl.obolibrary.org/obo/SYMP_0019174,rigors,rigores
http://purl.obolibrary.org/obo/SYMP_0000588,,
http://purl.obolibrary.org/obo/SYMP_0000698,,
http://purl.obolibrary.org/obo/SYMP_0000496,,
http://purl.obolibrary.org/obo/SYMP_0019156,,
http://purl.obolibrary.org/obo/SYMP_0000146,fecal,fecal
http://purl.obolibrary.org/obo/SYMP_0000129,,
http://purl.obolibrary.org/obo/SYMP_0000239,,
http://purl.obolibrary.org/obo/SYMP_0000256,,
http://purl.obolibrary.org/obo/SYMP_0000349,,
http://purl.obolibrary.org/obo/SYMP_0000366,,
http://purl.obolibrary.org/obo/SYMP_0000032,,
http://purl.obolibrary.org/obo/SYMP_0000015,,
http://purl.obolibrary.org/obo/SYMP_0000709,,
http://purl.obolibrary.org/obo/SYMP_0000726,,
http://purl.obolibrary.org/obo/SYMP_0000743,,
http://purl.obolibrary.org/obo/SYMP_0000819,,
http://purl.obolibrary.org/obo/SYMP_0000836,,
http://purl.obolibrary.org/obo/SYMP_0000853,,
http://purl.obolibrary.org/obo/SYMP_0000602,,
http://purl.obolibrary.org/obo/SYMP_0019164,,
http://purl.obolibrary.org/obo/SYMP_0019147,vomiting blood|bloody vomit|haematemesis,vomitando sangue | vômito com sangue | hematêmese
http://purl.obolibrary.org/obo/SYMP_0000170,,
http://purl.obolibrary.org/obo/SYMP_0000137,,
http://purl.obolibrary.org/obo/SYMP_0000247,,
http://purl.obolibrary.org/obo/SYMP_0000040,,
http://purl.obolibrary.org/obo/SYMP_0000734,cerebral accident|apoplexy|cerebrovascular accident|brain attack,acidente cerebral | apoplexia | acidente cerebrovascular | ataque cerebral
http://purl.obolibrary.org/obo/SYMP_0000717,,
http://purl.obolibrary.org/obo/SYMP_0000689,,
http://purl.obolibrary.org/obo/SYMP_0000400,,
http://purl.obolibrary.org/obo/SYMP_0000510,paleness,Palidez
http://purl.obolibrary.org/obo/SYMP_0000486,,
http://purl.obolibrary.org/obo/SYMP_0000469,,
http://purl.obolibrary.org/obo/SYMP_0000579,,
http://purl.obolibrary.org/obo/SYMP_0000596,,
http://purl.obolibrary.org/obo/SYMP_0000339,,
http://purl.obolibrary.org/obo/SYMP_0000152,,
http://purl.obolibrary.org/obo/SYMP_0000262,,
http://purl.obolibrary.org/obo/SYMP_0000372,,
http://purl.obolibrary.org/obo/SYMP_0000005,uncoordination,descoordenação
http://purl.obolibrary.org/obo/SYMP_0000826,,
http://purl.obolibrary.org/obo/SYMP_0000809,,
http://purl.obolibrary.org/obo/SYMP_0000022,,
http://purl.obolibrary.org/obo/SYMP_0000606,,
http://purl.obolibrary.org/obo/SYMP_0000157,,
http://purl.obolibrary.org/obo/SYMP_0000174,,
http://purl.obolibrary.org/obo/SYMP_0000284,fixed pupils,pupilas fixas
http://purl.obolibrary.org/obo/SYMP_0019184,,
http://purl.obolibrary.org/obo/SYMP_0000754,intense chest pain,dor intensa no peito
http://purl.obolibrary.org/obo/SYMP_0000771,,
http://purl.obolibrary.org/obo/SYMP_0000027,,
http://purl.obolibrary.org/obo/SYMP_0000404,painful sexual intercourse|difficult sexual intercourse,relação sexual dolorosa | relação sexual difícil
http://purl.obolibrary.org/obo/SYMP_0000514,,
http://purl.obolibrary.org/obo/SYMP_0000607,,
http://purl.obolibrary.org/obo/SYMP_0000624,,
http://purl.obolibrary.org/obo/SYMP_0000846,,
http://purl.obolibrary.org/obo/SYMP_0000863,,
http://purl.obolibrary.org/obo/SYMP_0000249,,
http://purl.obolibrary.org/obo/SYMP_0000266,partial seizure,apreensão parcial
http://purl.obolibrary.org/obo/SYMP_0000359,,
http://purl.obolibrary.org/obo/SYMP_0000376,,
http://purl.obolibrary.org/obo/SYMP_0000042,,
http://purl.obolibrary.org/obo/SYMP_0000736,,
http://purl.obolibrary.org/obo/SYMP_0000854,,
http://purl.obolibrary.org/obo/SYMP_0000837,,
http://purl.obolibrary.org/obo/SYMP_0000147,,
http://purl.obolibrary.org/obo/SYMP_0000257,,
http://purl.obolibrary.org/obo/SYMP_0000367,,
http://purl.obolibrary.org/obo/SYMP_0000520,,
http://purl.obolibrary.org/obo/SYMP_0000630,,
http://purl.obolibrary.org/obo/SYMP_0000050,,
http://purl.obolibrary.org/obo/SYMP_0000033,,
http://purl.obolibrary.org/obo/SYMP_0000744,,
http://purl.obolibrary.org/obo/SYMP_0000727,,
http://purl.obolibrary.org/obo/SYMP_0000410,,
http://purl.obolibrary.org/obo/SYMP_0019175,perspire,transpirar
http://purl.obolibrary.org/obo/SYMP_0000597,,
http://purl.obolibrary.org/obo/SYMP_0000487,erythema|rubor|skin eruption|skin redness|skin rash,eritema | rubor | erupção cutânea | vermelhidão da pele | erupção cutânea
http://purl.obolibrary.org/obo/SYMP_0000401,,
http://purl.obolibrary.org/obo/SYMP_0000390,,
http://purl.obolibrary.org/obo/SYMP_0000280,,
http://purl.obolibrary.org/obo/SYMP_0000357,,
http://purl.obolibrary.org/obo/SYMP_0000023,,
http://purl.obolibrary.org/obo/SYMP_0000827,V-tach|VT,
http://purl.obolibrary.org/obo/SYMP_0000844,,
http://purl.obolibrary.org/obo/SYMP_0000620,,
http://purl.obolibrary.org/obo/SYMP_0019182,,
http://purl.obolibrary.org/obo/SYMP_0019165,,
http://purl.obolibrary.org/obo/SYMP_0000511,,
http://purl.obolibrary.org/obo/SYMP_0000024,somnolence|drowsy,sonolência | sonolento
http://purl.obolibrary.org/obo/SYMP_0000041,,
http://purl.obolibrary.org/obo/SYMP_0000697,,
http://purl.obolibrary.org/obo/SYMP_0000611,,
http://purl.obolibrary.org/obo/SYMP_0000501,,
http://purl.obolibrary.org/obo/SYMP_0000192,,
http://purl.obolibrary.org/obo/SYMP_0000405,painful spasmodic vagina contractions,contrações espasmódicas dolorosas da vagina
http://purl.obolibrary.org/obo/SYMP_0000515,,
http://purl.obolibrary.org/obo/SYMP_0000381,,
http://purl.obolibrary.org/obo/SYMP_0000161,,
http://purl.obolibrary.org/obo/SYMP_0000271,,
http://purl.obolibrary.org/obo/SYMP_0000014,,
http://purl.obolibrary.org/obo/SYMP_0000031,,
http://purl.obolibrary.org/obo/SYMP_0000179,,
http://purl.obolibrary.org/obo/SYMP_0000776,,
http://purl.obolibrary.org/obo/SYMP_0000759,salivary gland pain,dor na glândula salivar
http://purl.obolibrary.org/obo/SYMP_0000442,,
http://purl.obolibrary.org/obo/SYMP_0000051,,
http://purl.obolibrary.org/obo/SYMP_0000758,,
http://purl.obolibrary.org/obo/SYMP_0000868,,
http://purl.obolibrary.org/obo/SYMP_0000185,,
http://purl.obolibrary.org/obo/SYMP_0000782,,
http://purl.obolibrary.org/obo/SYMP_0000055,,
http://purl.obolibrary.org/obo/SYMP_0000038,,
http://purl.obolibrary.org/obo/SYMP_0000749,,
http://purl.obolibrary.org/obo/SYMP_0000859,,
http://purl.obolibrary.org/obo/SYMP_0000415,,
http://purl.obolibrary.org/obo/SYMP_0000432,pruritus,prurido
http://purl.obolibrary.org/obo/SYMP_0000525,,
http://purl.obolibrary.org/obo/SYMP_0000542,,
http://purl.obolibrary.org/obo/SYMP_0000652,,
http://purl.obolibrary.org/obo/SYMP_0000635,low back pain,dor lombar
http://purl.obolibrary.org/obo/SYMP_0000621,,
http://purl.obolibrary.org/obo/SYMP_0000423,heartburn,azia
http://purl.obolibrary.org/obo/SYMP_0000533,,
http://purl.obolibrary.org/obo/SYMP_0000406,contusion|bruising|ecchymosis|bruises,contusão | hematomas | equimoses | hematomas
http://purl.obolibrary.org/obo/SYMP_0000516,,
http://purl.obolibrary.org/obo/SYMP_0000175,,
http://purl.obolibrary.org/obo/SYMP_0000285,,
http://purl.obolibrary.org/obo/SYMP_0000395,,
http://purl.obolibrary.org/obo/SYMP_0000882,,
http://purl.obolibrary.org/obo/SYMP_0000772,,
http://purl.obolibrary.org/obo/SYMP_0000028,abnormal protrusion of the eyeball,protrusão anormal do globo ocular
http://purl.obolibrary.org/obo/SYMP_0000625,,
http://purl.obolibrary.org/obo/SYMP_0000608,,
http://purl.obolibrary.org/obo/SYMP_0019187,stimming,estimulação
http://purl.obolibrary.org/obo/SYMP_0000193,,
http://purl.obolibrary.org/obo/SYMP_0000046,,
http://purl.obolibrary.org/obo/SYMP_0017795,,
http://purl.obolibrary.org/obo/SYMP_0000506,,
http://purl.obolibrary.org/obo/SYMP_0000616,,
http://purl.obolibrary.org/obo/SYMP_0000633,,
http://purl.obolibrary.org/obo/SYMP_0019178,,
http://purl.obolibrary.org/obo/SYMP_0000414,,
http://purl.obolibrary.org/obo/SYMP_0000183,,
http://purl.obolibrary.org/obo/SYMP_0000166,,
http://purl.obolibrary.org/obo/SYMP_0000276,,
http://purl.obolibrary.org/obo/SYMP_0000293,,
http://purl.obolibrary.org/obo/SYMP_0000386,,
http://purl.obolibrary.org/obo/SYMP_0000763,,
http://purl.obolibrary.org/obo/SYMP_0000890,,
http://purl.obolibrary.org/obo/SYMP_0000873,,
http://purl.obolibrary.org/obo/SYMP_0000780,,
http://purl.obolibrary.org/obo/SYMP_0000036,haemorrhagic gastroenteritis,gastroenterite hemorrágica
http://purl.obolibrary.org/obo/SYMP_0000019,,
http://purl.obolibrary.org/obo/SYMP_0000877,,
http://purl.obolibrary.org/obo/SYMP_0000073,,
http://purl.obolibrary.org/obo/SYMP_0000056,,
http://purl.obolibrary.org/obo/SYMP_0000767,,
http://purl.obolibrary.org/obo/SYMP_0000670,,
http://purl.obolibrary.org/obo/SYMP_0000653,,
http://purl.obolibrary.org/obo/SYMP_0000450,,
http://purl.obolibrary.org/obo/SYMP_0000433,generalized edema,edema generalizado
http://purl.obolibrary.org/obo/SYMP_0000560,,
http://purl.obolibrary.org/obo/SYMP_0000543,,
http://purl.obolibrary.org/obo/SYMP_0000194,,
http://purl.obolibrary.org/obo/SYMP_0000047,,
http://purl.obolibrary.org/obo/SYMP_0000064,arthralgia|arthromyalgia,artralgia | artrromialgia
http://purl.obolibrary.org/obo/SYMP_0000551,taste alteration,alteração de sabor
http://purl.obolibrary.org/obo/SYMP_0000534,,
http://purl.obolibrary.org/obo/SYMP_0000441,,
http://purl.obolibrary.org/obo/SYMP_0000424,blockage of leg arteries,bloqueio das artérias das pernas
http://purl.obolibrary.org/obo/SYMP_0000790,,
http://purl.obolibrary.org/obo/SYMP_0000643,respiratory dysfunction,disfunção respiratória
http://purl.obolibrary.org/obo/SYMP_0000029,,
http://purl.obolibrary.org/obo/SYMP_0000428,,
http://purl.obolibrary.org/obo/SYMP_0000538,dropsy,hidropisia
http://purl.obolibrary.org/obo/SYMP_0000184,,
http://purl.obolibrary.org/obo/SYMP_0000294,haemolysis,hemólise
http://purl.obolibrary.org/obo/SYMP_0000781,,
http://purl.obolibrary.org/obo/SYMP_0000891,,
http://purl.obolibrary.org/obo/SYMP_0000617,wry neck|twisted neck,pescoço torto | pescoço torcido
http://purl.obolibrary.org/obo/SYMP_0000634,,
http://purl.obolibrary.org/obo/SYMP_0000037,,
http://purl.obolibrary.org/obo/SYMP_0000507,,
http://purl.obolibrary.org/obo/SYMP_0000524,,
http://purl.obolibrary.org/obo/SYMP_0000198,,
http://purl.obolibrary.org/obo/SYMP_0000300,hyperaesthesia,hiperestesia
http://purl.obolibrary.org/obo/SYMP_0019179,light-headedness,tontura
http://purl.obolibrary.org/obo/SYMP_0000267,,
http://purl.obolibrary.org/obo/SYMP_0000394,,
http://purl.obolibrary.org/obo/SYMP_0000377,mammitis|inflammation of mammary breast,mammitis | inflamação da mama mamária
http://purl.obolibrary.org/obo/SYMP_0000864,,
http://purl.obolibrary.org/obo/SYMP_0000881,,
http://purl.obolibrary.org/obo/SYMP_0000060,,
http://purl.obolibrary.org/obo/SYMP_0019169,,
http://purl.obolibrary.org/obo/SYMP_0000298,,
http://purl.obolibrary.org/obo/SYMP_0000102,,
http://purl.obolibrary.org/obo/SYMP_0000878,,
http://purl.obolibrary.org/obo/SYMP_0000785,,
http://purl.obolibrary.org/obo/SYMP_0000768,,
http://purl.obolibrary.org/obo/SYMP_0000895,anaphylaxis,anafilaxia
http://purl.obolibrary.org/obo/SYMP_0000188,,
http://purl.obolibrary.org/obo/SYMP_0000791,,
http://purl.obolibrary.org/obo/SYMP_0000661,,
http://purl.obolibrary.org/obo/SYMP_0000644,,
http://purl.obolibrary.org/obo/SYMP_0000078,,
http://purl.obolibrary.org/obo/SYMP_0000438,,
http://purl.obolibrary.org/obo/SYMP_0000455,,
http://purl.obolibrary.org/obo/SYMP_0000548,,
http://purl.obolibrary.org/obo/SYMP_0000565,excessive secretion of urine,secreção excessiva de urina
http://purl.obolibrary.org/obo/SYMP_0000658,,
http://purl.obolibrary.org/obo/SYMP_0000675,,
http://purl.obolibrary.org/obo/SYMP_0000648,,
http://purl.obolibrary.org/obo/SYMP_0000199,,
http://purl.obolibrary.org/obo/SYMP_0000069,larynx and trachea inflammation,inflamação da laringe e traqueia
http://purl.obolibrary.org/obo/SYMP_0000446,,
http://purl.obolibrary.org/obo/SYMP_0000429,abnormally slow breathing,respiração anormalmente lenta
http://purl.obolibrary.org/obo/SYMP_0000556,,
http://purl.obolibrary.org/obo/SYMP_0000539,icteric|icterus,icteric | icterus
http://purl.obolibrary.org/obo/SYMP_0000112,,
http://purl.obolibrary.org/obo/SYMP_0000222,extremities weakness,fraqueza das extremidades
http://purl.obolibrary.org/obo/SYMP_0000332,,
http://purl.obolibrary.org/obo/SYMP_0000795,,
http://purl.obolibrary.org/obo/SYMP_0000778,,
http://purl.obolibrary.org/obo/SYMP_0000888,continued fever,febre continuada
http://purl.obolibrary.org/obo/SYMP_0000103,,
http://purl.obolibrary.org/obo/SYMP_0000120,,
http://purl.obolibrary.org/obo/SYMP_0000700,,
http://purl.obolibrary.org/obo/SYMP_0000189,,
http://purl.obolibrary.org/obo/SYMP_0000299,hyperemic|hyperaemia,hiperemia | hiperemia
http://purl.obolibrary.org/obo/SYMP_0000075,,
http://purl.obolibrary.org/obo/SYMP_0000092,,
http://purl.obolibrary.org/obo/SYMP_0000769,,
http://purl.obolibrary.org/obo/SYMP_0000786,,
http://purl.obolibrary.org/obo/SYMP_0000896,exophthalmia|exophthalmus|proptosis,exoftalmia | exoftalmia | proptose
http://purl.obolibrary.org/obo/SYMP_0000879,,
http://purl.obolibrary.org/obo/SYMP_0000452,,
http://purl.obolibrary.org/obo/SYMP_0000562,,
http://purl.obolibrary.org/obo/SYMP_0000672,,
http://purl.obolibrary.org/obo/SYMP_0000419,,
http://purl.obolibrary.org/obo/SYMP_0000529,,
http://purl.obolibrary.org/obo/SYMP_0000639,hematochezia|rectal bleeding,hematoquezia | sangramento retal
http://purl.obolibrary.org/obo/SYMP_0000212,,
http://purl.obolibrary.org/obo/SYMP_0000305,,
http://purl.obolibrary.org/obo/SYMP_0000322,,
http://purl.obolibrary.org/obo/SYMP_0000437,,
http://purl.obolibrary.org/obo/SYMP_0000800,,
http://purl.obolibrary.org/obo/SYMP_0000289,,
http://purl.obolibrary.org/obo/SYMP_0000399,,
http://purl.obolibrary.org/obo/SYMP_0000203,,
http://purl.obolibrary.org/obo/SYMP_0000313,,
http://purl.obolibrary.org/obo/SYMP_0000886,,
http://purl.obolibrary.org/obo/SYMP_0000869,,
http://purl.obolibrary.org/obo/SYMP_0000065,,
http://purl.obolibrary.org/obo/SYMP_0000082,,
http://purl.obolibrary.org/obo/SYMP_0000662,trembling,tremendo
http://purl.obolibrary.org/obo/SYMP_0000552,,
http://purl.obolibrary.org/obo/SYMP_0000197,infectious abortion,aborto infeccioso
http://purl.obolibrary.org/obo/SYMP_0000777,,
http://purl.obolibrary.org/obo/SYMP_0000794,,
http://purl.obolibrary.org/obo/SYMP_0000443,,
http://purl.obolibrary.org/obo/SYMP_0000460,enlargement of the liver,aumento do fígado
http://purl.obolibrary.org/obo/SYMP_0000570,loose bowel|bacterial gastroenteritis|diarrhoea|fecal incontinence|incontinence of feces|loose bowels|the runs,intestino solto | gastroenterite bacteriana | diarreia | incontinência fecal | incontinência de fezes | intestino solto | coriza
http://purl.obolibrary.org/obo/SYMP_0000130,,
http://purl.obolibrary.org/obo/SYMP_0000113,,
http://purl.obolibrary.org/obo/SYMP_0000223,,
http://purl.obolibrary.org/obo/SYMP_0000240,,
http://purl.obolibrary.org/obo/SYMP_0000333,,
http://purl.obolibrary.org/obo/SYMP_0000350,,
http://purl.obolibrary.org/obo/SYMP_0000710,,
http://purl.obolibrary.org/obo/SYMP_0000820,,
http://purl.obolibrary.org/obo/SYMP_0000796,,
http://purl.obolibrary.org/obo/SYMP_0000649,,
http://purl.obolibrary.org/obo/SYMP_0000666,,
http://purl.obolibrary.org/obo/SYMP_0000087,,
http://purl.obolibrary.org/obo/SYMP_0000464,,
http://purl.obolibrary.org/obo/SYMP_0000574,,
http://purl.obolibrary.org/obo/SYMP_0000447,,
http://purl.obolibrary.org/obo/SYMP_0000557,inability to urinate|ischuria|retention of urine,incapacidade de urinar | ischúria | retenção de urina
http://purl.obolibrary.org/obo/SYMP_0000684,,
http://purl.obolibrary.org/obo/SYMP_0000213,inability to write,incapacidade de escrever
http://purl.obolibrary.org/obo/SYMP_0000230,,
http://purl.obolibrary.org/obo/SYMP_0000323,melaena,melaena
http://purl.obolibrary.org/obo/SYMP_0000340,oedema of the limbs|limb oedema,edema dos membros | edema dos membros
http://purl.obolibrary.org/obo/SYMP_0000810,,
http://purl.obolibrary.org/obo/SYMP_0000104,,
http://purl.obolibrary.org/obo/SYMP_0000121,,
http://purl.obolibrary.org/obo/SYMP_0000231,,
http://purl.obolibrary.org/obo/SYMP_0000701,,
http://purl.obolibrary.org/obo/SYMP_0000787,,
http://purl.obolibrary.org/obo/SYMP_0000897,idioventricular rhythm|ventricular escape rhythm,ritmo idioventricular | ritmo de escape ventricular
http://purl.obolibrary.org/obo/SYMP_0000093,,
http://purl.obolibrary.org/obo/SYMP_0000657,,
http://purl.obolibrary.org/obo/SYMP_0000547,,
http://purl.obolibrary.org/obo/SYMP_0000470,,
http://purl.obolibrary.org/obo/SYMP_0000580,,
http://purl.obolibrary.org/obo/SYMP_0000690,,
http://purl.obolibrary.org/obo/SYMP_0000108,,
http://purl.obolibrary.org/obo/SYMP_0000461,,
http://purl.obolibrary.org/obo/SYMP_0000571,agrypnia,Agrypnia
http://purl.obolibrary.org/obo/SYMP_0000314,inflammation of the cornea of the eye|corneitis,inflamação da córnea do olho | córnea
http://purl.obolibrary.org/obo/SYMP_0000111,,
http://purl.obolibrary.org/obo/SYMP_0000204,,
http://purl.obolibrary.org/obo/SYMP_0000221,,
http://purl.obolibrary.org/obo/SYMP_0000331,,
http://purl.obolibrary.org/obo/SYMP_0000801,,
http://purl.obolibrary.org/obo/SYMP_0000083,,
http://purl.obolibrary.org/obo/SYMP_0000887,,
http://purl.obolibrary.org/obo/SYMP_0000553,,
http://purl.obolibrary.org/obo/SYMP_0000680,,
http://purl.obolibrary.org/obo/SYMP_0000208,anaemia,anemia
http://purl.obolibrary.org/obo/SYMP_0000318,,
http://purl.obolibrary.org/obo/SYMP_0000091,,
http://purl.obolibrary.org/obo/SYMP_0000074,,
http://purl.obolibrary.org/obo/SYMP_0000805,,
http://purl.obolibrary.org/obo/SYMP_0000451,,
http://purl.obolibrary.org/obo/SYMP_0000561,,
http://purl.obolibrary.org/obo/SYMP_0000671,,
http://purl.obolibrary.org/obo/SYMP_0019143,,
http://purl.obolibrary.org/obo/SYMP_0000304,,
http://purl.obolibrary.org/obo/SYMP_0000448,nosebleed,sangramento nasal
http://purl.obolibrary.org/obo/SYMP_0000465,,
http://purl.obolibrary.org/obo/SYMP_0000135,,
http://purl.obolibrary.org/obo/SYMP_0000118,crepitations|crackles,crepitações | crepitações
http://purl.obolibrary.org/obo/SYMP_0000245,,
http://purl.obolibrary.org/obo/SYMP_0000228,,
http://purl.obolibrary.org/obo/SYMP_0000338,rapid involuntary rhythmic eye movement,movimento rápido rítmico involuntário dos olhos
http://purl.obolibrary.org/obo/SYMP_0000355,,
http://purl.obolibrary.org/obo/SYMP_0000732,,
http://purl.obolibrary.org/obo/SYMP_0000715,,
http://purl.obolibrary.org/obo/SYMP_0000842,,
http://purl.obolibrary.org/obo/SYMP_0000825,,
http://purl.obolibrary.org/obo/SYMP_0000214,amnestic aphasia|inability to name objects|nominal aphasia|amnesic aphasia|anomic aphasia,afasia amnésica | incapacidade de nomear objetos | afasia nominal | afasia amnésica | afasia anômica
http://purl.obolibrary.org/obo/SYMP_0000341,eye movement paralysis|extraocular muscle paralysis,paralisia do movimento dos olhos | paralisia do músculo extraocular
http://purl.obolibrary.org/obo/SYMP_0000324,,
http://purl.obolibrary.org/obo/SYMP_0000811,,
http://purl.obolibrary.org/obo/SYMP_0000218,,
http://purl.obolibrary.org/obo/SYMP_0000235,,
http://purl.obolibrary.org/obo/SYMP_0000345,,
http://purl.obolibrary.org/obo/SYMP_0000328,,
http://purl.obolibrary.org/obo/SYMP_0000832,,
http://purl.obolibrary.org/obo/SYMP_0000815,,
http://purl.obolibrary.org/obo/SYMP_0000705,Broca's aphasia|agrammatic aphasia,Afasia de Broca | afasia agramática
http://purl.obolibrary.org/obo/SYMP_0000084,,
http://purl.obolibrary.org/obo/SYMP_0000681,,
http://purl.obolibrary.org/obo/SYMP_0000109,,
http://purl.obolibrary.org/obo/SYMP_0000126,,
http://purl.obolibrary.org/obo/SYMP_0019153,shortness of breath|breathing difficulty|breathlessness|labored respiration|difficulty breathing,falta de ar | dificuldade em respirar | falta de ar | respiração difícil | dificuldade em respirar
http://purl.obolibrary.org/obo/SYMP_0019170,,
http://purl.obolibrary.org/obo/SYMP_0000706,,
http://purl.obolibrary.org/obo/SYMP_0000723,,
http://purl.obolibrary.org/obo/SYMP_0000098,,
http://purl.obolibrary.org/obo/SYMP_0000585,,
http://purl.obolibrary.org/obo/SYMP_0000695,,
http://purl.obolibrary.org/obo/SYMP_0000475,,
http://purl.obolibrary.org/obo/SYMP_0000492,incontinence,incontinência
http://purl.obolibrary.org/obo/SYMP_0019161,myalgia,mialgia
http://purl.obolibrary.org/obo/SYMP_0019144,,
http://purl.obolibrary.org/obo/SYMP_0000576,,
http://purl.obolibrary.org/obo/SYMP_0000593,,
http://purl.obolibrary.org/obo/SYMP_0000466,,
http://purl.obolibrary.org/obo/SYMP_0000483,,
http://purl.obolibrary.org/obo/SYMP_0000116,,
http://purl.obolibrary.org/obo/SYMP_0000209,,
http://purl.obolibrary.org/obo/SYMP_0000226,auricular fibrillation|a-fib|AF,fibrilação auricular | a-fib | AF
http://purl.obolibrary.org/obo/SYMP_0000319,,
http://purl.obolibrary.org/obo/SYMP_0000336,,
http://purl.obolibrary.org/obo/SYMP_0000806,,
http://purl.obolibrary.org/obo/SYMP_0000823,,
http://purl.obolibrary.org/obo/SYMP_0000002,,
http://purl.obolibrary.org/obo/SYMP_0000713,,
http://purl.obolibrary.org/obo/SYMP_0000088,,
http://purl.obolibrary.org/obo/SYMP_0000558,,
http://purl.obolibrary.org/obo/SYMP_0000575,,
http://purl.obolibrary.org/obo/SYMP_0000685,,
http://purl.obolibrary.org/obo/SYMP_0000107,,
http://purl.obolibrary.org/obo/SYMP_0000217,,
http://purl.obolibrary.org/obo/SYMP_0000140,,
http://purl.obolibrary.org/obo/SYMP_0000814,,
http://purl.obolibrary.org/obo/SYMP_0000010,,
http://purl.obolibrary.org/obo/SYMP_0000704,,
http://purl.obolibrary.org/obo/SYMP_0000079,,
http://purl.obolibrary.org/obo/SYMP_0000096,,
http://purl.obolibrary.org/obo/SYMP_0000456,,
http://purl.obolibrary.org/obo/SYMP_0000439,acid indigestion,indigestão ácida
http://purl.obolibrary.org/obo/SYMP_0000566,,
http://purl.obolibrary.org/obo/SYMP_0000693,,
http://purl.obolibrary.org/obo/SYMP_0000676,,
http://purl.obolibrary.org/obo/SYMP_0000549,,
http://purl.obolibrary.org/obo/SYMP_0000659,partial paralysis,paralisia parcial
http://purl.obolibrary.org/obo/SYMP_0000122,,
http://purl.obolibrary.org/obo/SYMP_0000232,bronchioles inflammation,inflamação dos bronquíolos
http://purl.obolibrary.org/obo/SYMP_0000342,,
http://purl.obolibrary.org/obo/SYMP_0000309,inappetence|lack of appetite,inapetência | falta de apetite
http://purl.obolibrary.org/obo/SYMP_0000127,intense back pain,dor intensa nas costas
http://purl.obolibrary.org/obo/SYMP_0000144,bronchial pneumonia|lobular pneumonia,pneumonia brônquica | pneumonia lobular
http://purl.obolibrary.org/obo/SYMP_0000237,blocked nose|nasal obstruction|stuffy nose|stuffed up nose|nasal blockage,nariz entupido | obstrução nasal | nariz entupido | nariz entupido | bloqueio nasal
http://purl.obolibrary.org/obo/SYMP_0000254,,
http://purl.obolibrary.org/obo/SYMP_0000724,,
http://purl.obolibrary.org/obo/SYMP_0000741,,
http://purl.obolibrary.org/obo/SYMP_0000493,difficulty swallowing|difficulty in swallowing|impaired swallowing,dificuldade em engolir | dificuldade em engolir | dificuldade em engolir
http://purl.obolibrary.org/obo/SYMP_0000219,"Wernicke's aphasia|inability to perceive pitch, rhythm, and emotional tone of speech|fluent aphasia|sensory aphasia","Afasia de Wernicke | incapacidade de perceber altura, ritmo e tom emocional da fala | afasia fluente | afasia sensorial"
http://purl.obolibrary.org/obo/SYMP_0000236,,
http://purl.obolibrary.org/obo/SYMP_0000346,,
http://purl.obolibrary.org/obo/SYMP_0000329,,
http://purl.obolibrary.org/obo/SYMP_0019139,,
http://purl.obolibrary.org/obo/SYMP_0000012,,
http://purl.obolibrary.org/obo/SYMP_0000816,,
http://purl.obolibrary.org/obo/SYMP_0000833,,
http://purl.obolibrary.org/obo/SYMP_0019154,,
http://purl.obolibrary.org/obo/SYMP_0019171,,
http://purl.obolibrary.org/obo/SYMP_0000117,,
http://purl.obolibrary.org/obo/SYMP_0000227,,
http://purl.obolibrary.org/obo/SYMP_0000337,sleep hyperhidrosis,hiperidrose do sono
http://purl.obolibrary.org/obo/SYMP_0000020,,
http://purl.obolibrary.org/obo/SYMP_0000003,,
http://purl.obolibrary.org/obo/SYMP_0000714,,
http://purl.obolibrary.org/obo/SYMP_0000824,,
http://purl.obolibrary.org/obo/SYMP_0000807,,
http://purl.obolibrary.org/obo/SYMP_0000089,,
http://purl.obolibrary.org/obo/SYMP_0000600,,
http://purl.obolibrary.org/obo/SYMP_0019145,emesis,vômito
http://purl.obolibrary.org/obo/SYMP_0019162,,
http://purl.obolibrary.org/obo/SYMP_0000686,,
http://purl.obolibrary.org/obo/SYMP_0000728,,
http://purl.obolibrary.org/obo/SYMP_0000484,,
http://purl.obolibrary.org/obo/SYMP_0000594,,
http://purl.obolibrary.org/obo/SYMP_0000327,tetanic convulsions,convulsões tetânicas
http://purl.obolibrary.org/obo/SYMP_0000250,,
http://purl.obolibrary.org/obo/SYMP_0000360,,
http://purl.obolibrary.org/obo/SYMP_0000488,,
http://purl.obolibrary.org/obo/SYMP_0000598,,
http://purl.obolibrary.org/obo/SYMP_0019152,profuse perspiration,transpiração abundante
http://purl.obolibrary.org/obo/SYMP_0000011,,
http://purl.obolibrary.org/obo/SYMP_0000097,,
http://purl.obolibrary.org/obo/SYMP_0000584,,
http://purl.obolibrary.org/obo/SYMP_0000457,,
http://purl.obolibrary.org/obo/SYMP_0000567,,
http://purl.obolibrary.org/obo/SYMP_0000694,,
http://purl.obolibrary.org/obo/SYMP_0000677,,
http://purl.obolibrary.org/obo/SYMP_0000474,,
http://purl.obolibrary.org/obo/SYMP_0000162,,
http://purl.obolibrary.org/obo/SYMP_0000145,,
http://purl.obolibrary.org/obo/SYMP_0000241,,
http://purl.obolibrary.org/obo/SYMP_0000351,,
http://purl.obolibrary.org/obo/SYMP_0000131,intense join pain,dor intensa de união
http://purl.obolibrary.org/obo/SYMP_0000001,,
